{"cameraMode":{"drawMode":0,"name":"Shaded","section":"Shading Mode"},"sceneLighting":true,"audioPlay":false,"sceneViewState":{"m_AlwaysRefresh":false,"showFog":true,"showSkybox":true,"showFlares":true,"showImageEffects":true,"showParticleSystems":true,"showVisualEffectGraphs":true,"m_FxEnabled":true},"in2DMode":false,"pivot":{"x":53.88026809692383,"y":78.51166534423828,"z":7.56271505355835},"rotation":{"x":0.013460107147693634,"y":0.07641841471195221,"z":-0.001031711813993752,"w":0.9969843029975891},"size":49.22763442993164,"orthographic":true}