{"cameraMode":{"drawMode":0,"name":"Shaded","section":"Shading Mode"},"sceneLighting":true,"audioPlay":false,"sceneViewState":{"m_AlwaysRefresh":false,"showFog":true,"showSkybox":true,"showFlares":true,"showImageEffects":true,"showParticleSystems":true,"showVisualEffectGraphs":true,"m_FxEnabled":true},"in2DMode":false,"pivot":{"x":93.41172790527344,"y":289.95050048828127,"z":7.244499206542969},"rotation":{"x":0.013460107147693634,"y":0.07641841471195221,"z":-0.001031711813993752,"w":0.9969843029975891},"size":122.04530334472656,"orthographic":true}