{"cameraMode":{"drawMode":0,"name":"Shaded","section":"Shading Mode"},"sceneLighting":true,"audioPlay":false,"sceneViewState":{"m_AlwaysRefresh":false,"showFog":true,"showSkybox":true,"showFlares":true,"showImageEffects":true,"showParticleSystems":true,"showVisualEffectGraphs":true,"m_FxEnabled":true},"in2DMode":false,"pivot":{"x":80.57456970214844,"y":108.9372329711914,"z":4.2777276039123539},"rotation":{"x":0.013460107147693634,"y":0.07641841471195221,"z":-0.001031711813993752,"w":0.9969843029975891},"size":217.78451538085938,"orthographic":true}